/*
  # Demo verilerini ekle

  1. Demo Verileri
    - Demo kullan覺c覺lar (admin ve normal kullan覺c覺lar)
    - Demo g繹nderiler
    - Demo topluluklar
    - Demo etkinlikler
    - Demo dua istekleri
    - Demo etkileimler (beeniler, yorumlar, yer imleri)

  Not: Bu gelitirme/demo ama癟l覺d覺r
*/

-- Demo kullan覺c覺lar覺 ekle
INSERT INTO users (id, email, name, username, bio, location, verified, role) VALUES
  ('550e8400-e29b-41d4-a716-446655440001', 'admin@islamic.com', 'Admin Kullan覺c覺', 'admin', 'Platform y繹neticisi', '襤stanbul', true, 'admin'),
  ('550e8400-e29b-41d4-a716-446655440002', 'ahmet@example.com', 'Ahmet Y覺lmaz', 'ahmetyilmaz', '襤slami deerleri yaamaya 癟al覺an bir kardeiniz', '襤stanbul', true, 'user'),
  ('550e8400-e29b-41d4-a716-446655440003', 'fatma@example.com', 'Fatma zkan', 'fatmaozkan', '襤slami sanat ve mimari ile ilgileniyorum', 'Ankara', false, 'user'),
  ('550e8400-e29b-41d4-a716-446655440004', 'mehmet@example.com', 'Mehmet Demir', 'mehmetdemir', 'Haf覺z ve Kur''an 繹reticisi', '襤zmir', true, 'user'),
  ('550e8400-e29b-41d4-a716-446655440005', 'ayse@example.com', 'Aye Kaya', 'aysekaya', 'Aile dan覺man覺 ve eitimci', 'Bursa', false, 'user')
ON CONFLICT (id) DO NOTHING;

-- Demo g繹nderileri ekle
INSERT INTO posts (id, user_id, content, type, category, tags, likes_count, comments_count) VALUES
  ('650e8400-e29b-41d4-a716-446655440001', '550e8400-e29b-41d4-a716-446655440002', 'Bug羹n sabah namaz覺ndan sonra okuduum bu ayet 癟ok etkiledi: "Ve O, her eye g羹c羹 yeten, her eyi bilendir." (Bakara 2:109) Allah''覺n kudretini d羹羹nmek insan覺 ne kadar da huzurlu k覺l覺yor.', 'text', 'Ayetler', ARRAY['ayet', 'sabah namaz覺', 'huzur'], 47, 12),
  ('650e8400-e29b-41d4-a716-446655440002', '550e8400-e29b-41d4-a716-446655440003', 'Cuma namaz覺 sonras覺 cemaatle birlikte okuduumuz dualar... Maallah ne g羹zel bir atmosfer vard覺. Allah kabul etsin.', 'text', '襤badet', ARRAY['cuma namaz覺', 'dua', 'cemaat'], 89, 23),
  ('650e8400-e29b-41d4-a716-446655440003', '550e8400-e29b-41d4-a716-446655440004', 'Hz. Peygamber (s.a.v) buyurdu: "M羹min, insanlar覺n kendisinden emin olduu kiidir." Bu hadis g羹n羹m羹zde ne kadar da 繹nemli...', 'text', 'Hadisler', ARRAY['hadis', 'g羹ven', 'ahlak'], 156, 34)
ON CONFLICT (id) DO NOTHING;

-- Demo topluluklar覺 ekle
INSERT INTO communities (id, name, description, category, is_private, location, member_count, created_by) VALUES
  ('750e8400-e29b-41d4-a716-446655440001', '襤stanbul Cami Cemaati', '襤stanbul''daki camilerimizde bir araya gelen kardelerimizin buluma noktas覺. Namaz vakitleri, hutbe 繹zetleri ve dini sohbetler.', 'Yerel Cemaat', false, '襤stanbul', 1247, '550e8400-e29b-41d4-a716-446655440002'),
  ('750e8400-e29b-41d4-a716-446655440002', 'Kur''an Okuma Grubu', 'Kur''an-覺 Kerim''i g羹zel okumay覺 繹renmek ve tecvid kurallar覺n覺 pekitirmek isteyenler i癟in. Haftal覺k online dersler ve pratik seanslar覺.', 'Eitim', false, 'Online', 856, '550e8400-e29b-41d4-a716-446655440004'),
  ('750e8400-e29b-41d4-a716-446655440003', 'Gen癟 M羹sl羹manlar', 'Gen癟lerin 襤slami deerler 癟er癟evesinde bir araya geldii, deneyim paylat覺覺 ve birbirini destekledii topluluk.', 'Gen癟lik', false, 'T羹rkiye', 2341, '550e8400-e29b-41d4-a716-446655440005')
ON CONFLICT (id) DO NOTHING;

-- Demo etkinlikleri ekle
INSERT INTO events (id, title, description, type, date, time, location_name, location_address, location_city, organizer_name, capacity, attendees_count, price, is_online, tags, created_by) VALUES
  ('850e8400-e29b-41d4-a716-446655440001', '襤slam''da Aile Hayat覺 Semineri', '襤slami deerler 癟er癟evesinde aile kurumu, e se癟imi, 癟ocuk eitimi ve aile i癟i iletiim konular覺nda uzman g繹r羹leri.', 'seminar', '2024-02-15', '14:00', 'Fatih Camii Konferans Salonu', 'Fevzi Paa Cad. No:1', '襤stanbul', '襤stanbul 襤slami Arat覺rmalar Merkezi', 200, 156, 0, false, ARRAY['aile', 'evlilik', 'eitim'], '550e8400-e29b-41d4-a716-446655440002'),
  ('850e8400-e29b-41d4-a716-446655440002', 'Kur''an-覺 Kerim Tecvid Kursu', 'Balang覺癟 seviyesinden ileri seviyeye Kur''an-覺 Kerim''i g羹zel okuma sanat覺. 8 haftal覺k youn program.', 'workshop', '2024-02-20', '19:00', 'Online Platform', 'Zoom zerinden', 'Online', 'Haf覺z Mehmet Y覺lmaz', 50, 23, 150, true, ARRAY['kur''an', 'tecvid', 'online'], '550e8400-e29b-41d4-a716-446655440004')
ON CONFLICT (id) DO NOTHING;

-- Demo dua isteklerini ekle
INSERT INTO dua_requests (id, user_id, title, content, category, is_urgent, is_anonymous, tags, prayers_count, comments_count) VALUES
  ('950e8400-e29b-41d4-a716-446655440001', '550e8400-e29b-41d4-a716-446655440003', 'Annem i癟in ifa duas覺', 'Sevgili kardelerim, annem ge癟irdii ameliyat sonras覺 iyileme s羹recinde. Kendisi i癟in dua etmenizi rica ediyorum. Allah ifa versin inallah.', 'Sal覺k', true, true, ARRAY['ifa', 'aile', 'ameliyat'], 156, 23),
  ('950e8400-e29b-41d4-a716-446655440002', '550e8400-e29b-41d4-a716-446655440005', '襤 bulabilmek i癟in', 'Uzun s羹redir i ar覺yorum. Ailemi ge癟indirmekte zorlan覺yorum. Bana uygun bir i bulabilmem i癟in dualar覺n覺z覺 bekliyorum.', '襤 & Kariyer', false, false, ARRAY['i', 'aile', 'ge癟im'], 89, 12)
ON CONFLICT (id) DO NOTHING;

-- Demo topluluk 羹yeliklerini ekle
INSERT INTO community_members (community_id, user_id, role) VALUES
  ('750e8400-e29b-41d4-a716-446655440001', '550e8400-e29b-41d4-a716-446655440002', 'admin'),
  ('750e8400-e29b-41d4-a716-446655440001', '550e8400-e29b-41d4-a716-446655440003', 'member'),
  ('750e8400-e29b-41d4-a716-446655440002', '550e8400-e29b-41d4-a716-446655440004', 'admin'),
  ('750e8400-e29b-41d4-a716-446655440002', '550e8400-e29b-41d4-a716-446655440002', 'member'),
  ('750e8400-e29b-41d4-a716-446655440003', '550e8400-e29b-41d4-a716-446655440005', 'admin')
ON CONFLICT (community_id, user_id) DO NOTHING;

-- Demo etkinlik kat覺l覺mc覺lar覺n覺 ekle
INSERT INTO event_attendees (event_id, user_id) VALUES
  ('850e8400-e29b-41d4-a716-446655440001', '550e8400-e29b-41d4-a716-446655440002'),
  ('850e8400-e29b-41d4-a716-446655440001', '550e8400-e29b-41d4-a716-446655440003'),
  ('850e8400-e29b-41d4-a716-446655440002', '550e8400-e29b-41d4-a716-446655440004'),
  ('850e8400-e29b-41d4-a716-446655440002', '550e8400-e29b-41d4-a716-446655440005')
ON CONFLICT (event_id, user_id) DO NOTHING;

-- Demo beenileri ekle
INSERT INTO likes (user_id, post_id) VALUES
  ('550e8400-e29b-41d4-a716-446655440003', '650e8400-e29b-41d4-a716-446655440001'),
  ('550e8400-e29b-41d4-a716-446655440004', '650e8400-e29b-41d4-a716-446655440001'),
  ('550e8400-e29b-41d4-a716-446655440002', '650e8400-e29b-41d4-a716-446655440002'),
  ('550e8400-e29b-41d4-a716-446655440005', '650e8400-e29b-41d4-a716-446655440003')
ON CONFLICT (user_id, post_id) DO NOTHING;

INSERT INTO likes (user_id, dua_request_id) VALUES
  ('550e8400-e29b-41d4-a716-446655440002', '950e8400-e29b-41d4-a716-446655440001'),
  ('550e8400-e29b-41d4-a716-446655440004', '950e8400-e29b-41d4-a716-446655440001'),
  ('550e8400-e29b-41d4-a716-446655440003', '950e8400-e29b-41d4-a716-446655440002')
ON CONFLICT (user_id, dua_request_id) DO NOTHING;

-- Demo yorumlar覺 ekle
INSERT INTO comments (user_id, post_id, content) VALUES
  ('550e8400-e29b-41d4-a716-446655440003', '650e8400-e29b-41d4-a716-446655440001', 'ok g羹zel bir payla覺m, teekk羹rler kardeim.'),
  ('550e8400-e29b-41d4-a716-446655440004', '650e8400-e29b-41d4-a716-446655440001', 'Bu ayet ger癟ekten 癟ok etkileyici. Allah''覺n kudretini hat覺rlat覺yor.'),
  ('550e8400-e29b-41d4-a716-446655440002', '650e8400-e29b-41d4-a716-446655440002', 'Maallah, cemaat halinde ibadet ne g羹zel.')
ON CONFLICT DO NOTHING;

INSERT INTO comments (user_id, dua_request_id, content, is_prayer) VALUES
  ('550e8400-e29b-41d4-a716-446655440002', '950e8400-e29b-41d4-a716-446655440001', 'Anneniz i癟in dua ediyorum. Allah ifa versin inallah. 仆', true),
  ('550e8400-e29b-41d4-a716-446655440004', '950e8400-e29b-41d4-a716-446655440001', 'Rabbim ifa versin, sab覺r versin. Dualar覺mdas覺n覺z.', true),
  ('550e8400-e29b-41d4-a716-446655440005', '950e8400-e29b-41d4-a716-446655440002', '襤nallah en k覺sa zamanda hay覺rl覺 bir i bulursunuz. Dualar覺mdas覺n覺z.', true)
ON CONFLICT DO NOTHING;

-- Demo yer imlerini ekle
INSERT INTO bookmarks (user_id, post_id) VALUES
  ('550e8400-e29b-41d4-a716-446655440002', '650e8400-e29b-41d4-a716-446655440003'),
  ('550e8400-e29b-41d4-a716-446655440003', '650e8400-e29b-41d4-a716-446655440001')
ON CONFLICT (user_id, post_id) DO NOTHING;

INSERT INTO bookmarks (user_id, dua_request_id) VALUES
  ('550e8400-e29b-41d4-a716-446655440002', '950e8400-e29b-41d4-a716-446655440001'),
  ('550e8400-e29b-41d4-a716-446655440004', '950e8400-e29b-41d4-a716-446655440002')
ON CONFLICT (user_id, dua_request_id) DO NOTHING;